{
    "GameObject": [
        null,
        {
            "Camera": {
                "Rotation": {
                    "x": 0.0,
                    "y": 0.0,
                    "z": 0.0
                },
                "Speed": 1.5707963705062866
            },
            "Name": "Main Camera",
            "Parent": "Root",
            "RandomRotation": {
                "IsPresent": true
            },
            "Transform": {
                "Position": {
                    "x": 1.7686787843704224,
                    "y": 0.007326962426304817,
                    "z": -1.5879369974136353
                },
                "Rotation": {
                    "w": 1.0,
                    "x": 0.0,
                    "y": 0.0,
                    "z": 0.0
                },
                "Scale": {
                    "x": 1.0,
                    "y": 1.0,
                    "z": 1.0
                }
            }
        },
        {
            "Name": "Font",
            "Parent": "Root",
            "RandomRotation": {
                "IsPresent": true
            },
            "Transform": {
                "Position": {
                    "x": -0.6100000143051147,
                    "y": -3.109999895095825,
                    "z": -2.4000000953674316
                },
                "Rotation": {
                    "w": 0.6953259706497192,
                    "x": -0.12206347286701202,
                    "y": 0.6975729465484619,
                    "z": 0.12253250926733017
                },
                "Scale": {
                    "x": 5.150000095367432,
                    "y": 0.800000011920929,
                    "z": 5.630000114440918
                }
            }
        }
    ]
}